,question,answer
0,有对象了吗？,哈哈，这个问题真是每年都逃不掉啊。我通常会这样回答：“还在努力寻找合适的缘分，等有了好消息一定会第一时间告诉大家！”这样的回答既不直接透露个人信息，又显得积极向上。
1,有对象了吗？,哦，这个问题呀，我还在专心工作/学习，感情方面的事情随缘吧。嘿嘿，您知道我现在还挺忙的。
2,有对象了吗？,哦，这个问题啊，我还在专心工作/学习，感情方面的事情随缘吧。嘿嘿，您知道我现在挺忙的。
3,有对象了吗？,哦，这个问题啊，我还在专心工作/学习，感情方面随缘吧，哈哈。您家的小孩子们都挺可爱的，有没有什么趣事可以分享呢？转移话题也是一种不错的策略哦。
4,有对象了吗？,哦，这个问题啊，我还在专心工作/学习，感情方面的事情随缘吧，哈哈。您家的小家伙最近怎么样？学习进步了吗？转移话题也是一种很好的应对策略。
5,有对象了吗？,哦，这个问题啊，我还在专心工作/学习，感情方面随缘吧，呵呵。您家的小孩子们都挺可爱的，学习成绩一定很好吧？转移话题也是一种好方法。
6,有对象了吗？,哎呀，这个问题嘛，我还在专心工作/学习，感情的事情随缘啦，慢慢来。嘿嘿，您知道我现在还是比较注重个人发展的。您家孩子呢，最近怎么样？转移话题也是一种不错的方式哦。
7,有对象了吗？,哦，这个问题啊，我还在专心工作/学习，感情方面随缘吧，呵呵。您家的小孩子最近怎么样？学习生活都挺好吧？转移话题也是一种很好的应对方式。
8,有对象了吗？,哦，这个问题啊，我还在忙事业/学习，感情方面随缘吧，呵呵。
9,有对象了吗？,哦，这个问题啊，我还在专心工作/学习，感情的事随缘吧，哈哈。您家的小孩子最近怎么样？学习进步了吗？转移话题也是一种很好的应对方式。
10,有对象了吗？,哎呀，这个问题嘛，我还在专心工作/学习，感情的事情随缘啦，遇到合适的就会考虑的。您放心，到时候肯定会告诉大家的。咱们先不聊这个，您最近怎么样？有没有什么新鲜事儿分享一下？
11,有对象了吗？,哦，这个问题呀，我还在忙事业，先专注于个人发展，恋爱的事情不着急呢。嘿嘿，您知道现在的年轻人，都比较注重个人成长。您说对吧？
12,有对象了吗？,哦，这个问题啊，我还在忙事业，先把自己的生活稳定下来再说吧。嘿嘿，您知道现在的社会竞争挺激烈的。
13,有对象了吗？,哦，这个问题呀，我还在专心工作/学习，感情方面随缘吧，哈哈。您家的小孩子最近怎么样？学习进步了吗？转移话题也是一种很好的策略。
14,有对象了吗？,哎呀，这个问题嘛，我还在专心工作/学习，感情的事随缘啦，慢慢来。嘿嘿，咱们还是聊点别的吧，比如最近有什么好玩的事情？
15,有对象了吗？,哦，这个问题啊，我还在专心工作/学习，感情方面的事情随缘吧。嘿嘿，您知道我现在还挺忙的。
16,有对象了吗？,哎呀，这个问题嘛，我还在专心工作/学习，感情的事随缘啦，慢慢来。嘿嘿，您不用担心，到时候肯定给您们一个惊喜！
17,有对象了吗？,哦，这个问题啊，我还在专心工作/学习，感情方面的事情随缘吧。哈哈，您知道我现在还挺忙的。
18,有对象了吗？,哦，这个问题啊，我还在专心工作/学习，感情方面随缘吧，慢慢来。嘿嘿，您知道我现在还挺忙的。
19,有对象了吗？,哦，这个问题啊，我还在专心工作/学习，感情方面的事情随缘吧，哈哈。您家的小孩子们都挺可爱的，一定很幸福吧！
20,有对象了吗？,哦，这个问题啊，我还在专心工作/学习，感情方面随缘吧，呵呵。您家的小孩子最近怎么样呢？学习进步了吗？转移话题也是一种好的策略。
21,有对象了吗？,哦，这个问题啊，我还在专心工作/学习，感情方面随缘吧，哈哈。您家的小孩子们都挺可爱的，有没有什么趣事可以分享呢？转移话题也是一种不错的方法哦。
22,有对象了吗？,哦，这个问题呀，我还在专心工作/学习，感情方面的事情随缘吧，哈哈。您家的小孩子们都挺可爱的，一定很讨人喜欢吧！
23,有对象了吗？,哦，这个问题啊，我还在专心工作/学习，感情方面的事情随缘吧，哈哈。
24,有对象了吗？,哦，这个问题啊，我还在专心工作/学习，感情方面的事情随缘吧，哈哈。您家的小孩子最近怎么样呢？学习生活都还好吧？转移话题也是一种不错的策略。
25,有对象了吗？,哦，这个问题啊，我还在专心工作/学习，感情方面的事情暂时没有太考虑呢。呵呵，您知道现在的年轻人，总是要先忙事业嘛。
26,有对象了吗？,哦，这个问题啊，我还在专心工作/学习，感情方面的事情随缘吧，呵呵。您家的小孩子们都挺可爱的，是吧？话题转移到对方家庭或者孩子上，可以有效转移注意力。
27,有对象了吗？,"哦，这个问题啊，我还在专心工作/学习，感情方面的事情随缘吧。嘿嘿，您知道我现在还挺忙的。 

这样的回答既没有直接否定也没有透露太多个人信息，同时也表现出了一种积极的生活态度。"
28,有对象了吗？,哈哈，这个问题每年都有呢。我还在专心工作/学习，感情的事情随缘吧，遇到合适的人自然就会有了。您不用担心，我自己心里有数呢。倒是您家里的小辈们，一个个都挺优秀的，有没有什么喜事要分享呀？转移话题也是一种好方法。
29,有对象了吗？,哦，这个问题啊，我还在专心工作/学习，感情方面的事情随缘吧，哈哈。
30,有对象了吗？,哦，这个问题啊，我还在专心工作/学习，感情方面随缘吧，哈哈。您家的小孩子最近怎么样？学习生活都挺好的吧？转移话题也是一种不错的策略。
31,有对象了吗？,哦，这个问题呀，我还在专心工作/学习，感情方面随缘吧，呵呵。您家的小孩子们都挺可爱的，是吧？转移话题也是一种不错的策略。
32,有对象了吗？,哦，这个问题啊，我还在专心工作/学习，感情方面的事情随缘吧。嘿嘿，您知道我现在还挺忙的。
33,有对象了吗？,哦，这个问题呀，我还在专心工作/学习，感情方面的事情随缘吧，哈哈。您家的小家伙最近怎么样？学习生活都挺好吧？转移话题也是一种很好的方式。
34,有对象了吗？,哦，这个问题啊，我还在专心工作/学习，感情方面的事情随缘吧，哈哈。您家的小孩子们都挺可爱的，一定很讨人喜欢吧！
35,有对象了吗？,哦，这个问题啊，我还在专心工作/学习，感情方面的事情随缘吧，哈哈。您家孩子呢，最近怎么样？转移话题也是一种很好的策略。
36,有对象了吗？,哦，这个问题啊，我还在专心工作/学习，感情方面随缘吧，哈哈。您家孩子呢，最近怎么样？转移话题也是一种好方法。
37,有对象了吗？,哎呀，这个问题啊，我还在专心工作/学习呢，感情的事情随缘吧，哈哈。您家的小孩子最近怎么样？学习进步了吗？转移话题也是一种很好的回避方式哦。
38,有对象了吗？,哦，这个问题啊，我还在专心工作/学习，感情方面随缘吧，哈哈。您家的小孩子最近怎么样啦？学习成绩挺好的吧？转移话题也是一种不错的策略。
39,有对象了吗？,哦，这个问题啊，我还在专心工作/学习，感情方面的事情随缘吧。嘿嘿，您知道现在的社会竞争挺激烈的，我想先稳定一下自己的事业/学业。您说呢？
40,有对象了吗？,哦，这个问题啊，我还在专心工作/学习，感情方面的事情随缘吧。哈哈，您知道现在的年轻人，都比较注重个人发展。咱们还是聊聊其他的，比如您最近怎么样？
41,有对象了吗？,哦，这个问题啊，我还在专心工作/学习，感情方面随缘吧，呵呵。您家的小孩子们都挺可爱的，一定很讨人喜欢吧！
42,有对象了吗？,哦，这个问题啊，我还在专心工作/学习，感情方面随缘吧，哈哈。您家的小孩子最近怎么样呢？学习生活都挺好吧？转移话题也是一种很好的应对方式。
43,有对象了吗？,哦，这个问题啊，我还在专心工作/学习，感情方面随缘吧，呵呵。您家孩子最近怎么样？
44,有对象了吗？,哦，这个问题呀，我还在专心工作/学习，恋爱这种事情随缘吧，哈哈。您家的小孩子们都挺可爱的，有没有什么趣事可以分享给我听呢？
45,有对象了吗？,哎呀，这个问题嘛，我还在专心工作/学习，感情的事随缘啦，哈哈。您家孩子最近怎么样？有没有什么新鲜事儿分享一下？转移话题也是一种很好的策略。
46,有对象了吗？,哦，这个问题呀，我还在专心工作/学习，感情方面的事情随缘吧，哈哈。您家孩子呢，最近怎么样？转移话题也是一种很好的策略。
47,有对象了吗？,哦，这个问题啊，我还在专心工作/学习，感情方面的事情随缘吧。呵呵，您家的小孩子最近怎么样呢？学习或者工作都挺顺利的吧？
48,有对象了吗？,哦，这个问题呀，我还在专心工作/学习，感情方面随缘吧，哈哈。您家的小家伙是不是又长高了不少呢？转移话题也是一种很好的策略。
49,有对象了吗？,哦，这个问题啊，我还在专心工作/学习，感情方面的事情随缘吧。嘿嘿，不说这个了，您最近怎么样？
50,有对象了吗？,哦，这个问题啊，我还在专心工作/学习，感情方面随缘吧，哈哈。您家孩子呢，最近怎么样？转移话题也是一种很好的策略。
51,有对象了吗？,哦，这个问题啊，我还在专心工作/学习，感情方面的事情暂时没有太考虑呢。呵呵，来，吃点水果/糖果吧！转移一下话题。
52,有对象了吗？,哦，这个问题啊，我还在专心工作/学习，感情方面的事情随缘吧，呵呵。您家的小孩子最近怎么样呢？学习生活都挺好吧？转移话题也是一种很好的方式。
53,有对象了吗？,哎呀，这个问题嘛，我还在专心工作/学习，感情的事情随缘啦，呵呵。您家的小孩子们都挺可爱的，有没有什么趣事可以分享一下呀？
54,有对象了吗？,哦，这个问题啊，我还在专心工作/学习，感情方面的事情暂时还没有太上心呢。呵呵，亲戚们还是先关心一下自己吧，我这边不急的。
55,有对象了吗？,哦，这个问题啊，我还在专心工作/学习，感情方面的事情随缘吧，哈哈。您家孩子最近怎么样？学业/工作顺利吗？转移话题也是一种不错的策略。
56,有对象了吗？,哈哈，这个问题每年都逃不掉呢。我还在专心工作/学习，感情的事情随缘吧，有消息的话一定会告诉大家的。
57,有对象了吗？,哎呀，这个问题嘛，我还在专心工作/学习，感情的事情随缘啦，哈哈。您家的小孩子最近怎么样呀？学习成绩挺好的吧？转移话题也是一种很好的应对策略哦。
58,有对象了吗？,哦，这个问题啊，我还在专心工作/学习，恋爱这种事情随缘吧，呵呵。您家孩子最近怎么样？有没有什么新鲜事儿分享一下？这样可以巧妙地转移话题。
59,有对象了吗？,哦，这个问题啊，我还在专心工作/学习，感情方面随缘吧，慢慢来。嘿嘿，您知道我现在还挺忙的。
60,有对象了吗？,哦，这个问题呀，我还在专心工作/学习，感情方面的事情随缘吧，哈哈。您家的小孩子最近怎么样啦？学习进步了吗？转移话题也是一种不错的策略哦。
61,有对象了吗？,哈哈，我还在专心工作/学习呢，这方面的事情随缘吧。您家孩子怎么样，最近有没有什么新鲜事儿？这样可以巧妙地转移话题。
62,有对象了吗？,哎呀，这个问题嘛，我还在专心工作/学习，恋爱这种事情随缘啦，遇到合适的人自然就会有了。咱们先不聊这个，您最近怎么样？有没有什么新鲜事儿分享一下？
63,有对象了吗？,哎呀，这个问题嘛，我还在专心工作/学习，感情的事情随缘啦，慢慢来～您家的小孩子最近怎么样呢？学习生活都挺好吧？转移话题也是一种好方法。
64,有对象了吗？,哦，这个问题啊，我还在专心工作/学习，恋爱这种事情随缘吧，哈哈。您家孩子呢，最近怎么样？转移话题也是一种很好的策略。
65,有对象了吗？,哎呀，这个问题嘛，我还在专心工作/学习，恋爱这种事情随缘啦，遇到合适的人自然就会有的。嘿嘿，咱们还是聊聊其他的，比如最近有什么好玩的事情吗？
66,有对象了吗？,哦，这个问题呀，我还在专心工作/学习，感情方面的事情随缘吧。嘿嘿，您知道我现在还挺忙的。
67,有对象了吗？,哦，这个问题啊，我还在专心工作/学习，感情方面的事情随缘吧，哈哈。您家的小家伙最近怎么样？学习进步了吗？转移话题也是一种很好的策略。
68,有对象了吗？,哦，这个问题啊，我还在专心工作/学习，感情方面的事情随缘吧，哈哈。您家的小家伙最近怎么样呢？学习进步了吗？转移话题也是一种很好的策略。
69,有对象了吗？,哦，这个问题呀，我还在专心工作/学习，感情方面的事情随缘吧，哈哈。您家的小孩子最近怎么样？学习或者工作都还顺利吗？转移话题也是一种不错的方式哦。
70,有对象了吗？,哦，这个问题呀，我还在专心工作/学习，恋爱的事情随缘吧，哈哈。您家的小孩子最近怎么样呢？学习生活都挺好吧？转移话题也是一种很好的方式哦。
71,有对象了吗？,哈哈，我还在忙事业呢，感情的事随缘吧。您家孩子最近怎么样？学习成绩还好吧？转移话题也是一种很好的应对策略。
72,有对象了吗？,哎呀，这个问题嘛，我还在忙事业，先以工作为重，感情的事情随缘吧。嘿嘿，您不用担心，到时候会有好消息告诉大家的。
73,有对象了吗？,哦，这个问题啊，我还在专心工作/学习，感情方面的事情随缘吧。嘿嘿，您知道我现在还挺忙的。
74,有对象了吗？,哦，这个问题啊，我还在专心工作/学习，感情方面的事情随缘吧，哈哈。您家孩子最近怎么样？一定很优秀吧！转移话题也是一种不错的策略。
75,有对象了吗？,哦，这个问题啊，我还在忙事业，先以工作为重，感情的事情随缘吧。哈哈，您知道现在的年轻人，都比较注重个人发展。您说对吧？
76,有对象了吗？,哦，这个问题啊，我还在专心工作/学习，感情方面随缘吧，呵呵。您家的小家伙呢，最近怎么样？上学挺开心的吧？转移话题也是一个好方法。
77,有对象了吗？,哦，这个问题啊，我还在专心工作/学习，感情方面的事情随缘吧。嘿嘿，您知道我现在还挺忙的。
78,有对象了吗？,哎呀，这个问题嘛，我还在专心工作/学习，恋爱的事情随缘啦，遇到合适的人总会有的。您不用担心，我自己心里有数呢。姨妈/叔叔，您最近怎么样？工作顺利吗？身体还好吧？转移话题也是一个不错的方法哦。
79,有对象了吗？,哦，这个问题呀，我还在专心工作/学习，恋爱这种事情随缘吧，呵呵。您家的小孩子最近怎么样呀？学习成绩挺好的吧？转移话题也是一种很好的策略。
80,有对象了吗？,哦，这个问题啊，我还在专心工作/学习，感情方面的事情随缘吧，哈哈。您家孩子呢，最近怎么样？转移话题也是一种很好的策略。
81,有对象了吗？,哦，这个问题呀，我还在专心工作/学习，感情方面随缘吧，哈哈。您家孩子呢，最近怎么样？转移话题也是一种不错的策略。
82,有对象了吗？,哦，这个问题啊，我还在专心工作/学习，感情方面随缘吧，哈哈。您家的小孩子最近怎么样呢？学习或者工作都挺顺利的吧？
83,有对象了吗？,哦，这个问题啊，我还在专心工作/学习，感情方面随缘吧，呵呵。您家的小孩子最近怎么样？听说学习成绩很不错呢！
84,有对象了吗？,哦，这个问题啊，我还在忙事业/学习，感情方面随缘吧，呵呵。您家的小孩子是不是又长高了不少？
85,有对象了吗？,哎呀，这个问题嘛，我还在专心工作/学习，感情的事随缘啦，哈哈。您家的小宝贝最近怎么样呢？学习进步了吗？转移话题也是一种很好的策略哦。
86,有对象了吗？,哦，这个问题呀，我还在专心工作/学习，恋爱的事情随缘吧，哈哈。您家的小孩子最近怎么样啦？学习生活都挺好吧？转移话题也是一个好办法。
87,有对象了吗？,哈哈，这个问题真是每年都逃不掉啊。我还在忙事业，先把自己的事情做好，感情这种事情随缘吧。您说是吧？嘿嘿。
88,有对象了吗？,哦，这个问题啊，我还在专心工作/学习，感情方面的事情随缘吧，哈哈。您家的小孩子们都挺可爱的，有没有什么趣事可以分享一下？这样可以巧妙地转移话题。
89,有对象了吗？,哦，这个问题啊，我还在专心工作/学习，感情方面随缘吧，哈哈。您家的小孩子们都挺可爱的，一定很讨人喜欢吧！
90,有对象了吗？,哦，这个问题啊，我还在专心工作/学习，感情方面的事情随缘吧，哈哈。您家的小孩子最近怎么样呢？学习进步了吗？转移话题也是一种不错的策略。
91,有对象了吗？,哦，这个问题啊，我还在专心工作/学习，感情方面的事情随缘吧，哈哈。您家孩子呢，最近怎么样？转移话题也是一种很好的回避方式。
92,有对象了吗？,哦，这个问题呀，我还在专心工作/学习，感情方面的事情随缘吧，哈哈。您家的小孩子最近怎么样？学习生活都挺好的吧？转移话题也是一种很好的回避方式。
93,有对象了吗？,哦，这个问题啊，我还在专心工作/学习，感情方面随缘吧，呵呵。您家孩子最近怎么样？一定很优秀吧！转移话题也是一种好方法。
94,有对象了吗？,哦，这个问题啊，我还在专心工作/学习，感情的事嘛，随缘啦，慢慢来。嘿嘿，您家的小孩子们都挺可爱的，有没有什么趣事可以分享一下呀？
95,有对象了吗？,哦，这个问题啊，我还在专心工作/学习，感情方面的事情随缘吧。哈哈，您知道现在的社会，先立业后成家嘛！您家的小家伙最近怎么样？学习进步了吗？转移话题也是一个好方法。
96,有对象了吗？,哦，这个问题呀，我还在专心工作/学习，感情方面随缘吧，哈哈。您家的小孩子最近怎么样呢？学习进步了吗？转移话题也是一种很好的回避方式。
97,有对象了吗？,哦，这个问题呀，我还在专心工作/学习，感情方面的事情随缘吧。嘿嘿，您知道我现在还挺忙的。
98,有对象了吗？,哈哈，这个问题真是每年都逃不掉啊。我还在忙事业，先专心提升自己，恋爱的事情随缘啦。您觉得呢？
99,有对象了吗？,哦，这个问题呀，我还在忙事业/学习，感情方面随缘吧，慢慢来。嘿嘿，您知道我现在还挺忙的。
200,有没有找女朋友？,哎呀，这个问题嘛，我还在专心工作学习，感情方面随缘啦，哈哈。您家的小孩子最近怎么样呢？学习生活都挺顺利的吧？
201,有没有找女朋友？,哦，这个问题呀，我还在专心工作/学习，感情方面的事情随缘吧，哈哈。您家的小孩子最近怎么样？学习进步了吗？转移话题也是一种不错的策略。
202,有没有找女朋友？,哦，这个问题啊，我还在忙事业，重心都放在工作上，感情方面随缘吧。嘿嘿，您知道现在的年轻人，都比较注重个人发展。您说是吧？
203,有没有找女朋友？,哎呀，这个问题嘛，我还在专心工作学习，感情方面随缘啦，有消息肯定会告诉大家的。哈哈，来来来，吃点水果，看看电视，聊点别的。
204,有没有找女朋友？,"哦，这个问题啊，我还在忙事业，重心都放在工作上，感情方面随缘吧。嘿嘿，您知道我现在这个阶段还是想多学习、多积累经验。""

这样的回答既没有直接否认或确认有没有女朋友，也表达了目前对事业的重视，同时保持了话题的轻松氛围。"
205,有没有找女朋友？,哦，这个问题啊，我还在专心工作/学习，感情方面的事情随缘吧，哈哈。您家的小家伙是不是又长高了不少？听说最近学习很棒呢！
206,有没有找女朋友？,哦，这个问题啊，我还在忙工作/学习，还没顾得上这个呢。呵呵，您不用担心，我会注意的。对了，您家孩子最近怎么样？学习成绩/工作情况如何？转移话题也是一种很好的回避方式。
207,有没有找女朋友？,哦，这个问题啊，我还在忙事业，感情方面随缘吧，哈哈。您家的小家伙是不是又长高了不少？听说最近成绩挺好的，真厉害！
208,有没有找女朋友？,哎呀，这个问题嘛，我还在忙事业，等工作稳定一些再考虑个人问题。嘿嘿，先不急。
209,有没有找女朋友？,嗯，我最近都比较忙，还没顾得上这件事呢，呵呵。等工作稳定一些再说吧。您家孩子最近怎么样？
210,有没有找女朋友？,哦，这个问题啊，我还在忙事业，先以工作为主，感情方面随缘吧。嘿嘿，您知道现在的社会竞争挺激烈的，得先立业再成家嘛。 😊
211,有没有找女朋友？,哦，这个问题啊，我还在专心工作学习，感情的事情随缘吧，哈哈。您家孩子最近怎么样？有没有什么新鲜事儿分享一下？这样可以巧妙地转移话题。
212,有没有找女朋友？,哦，这个问题啊，我还在忙事业，先把自己的工作稳定下来再说吧。嘿嘿，不急不急。
213,有没有找女朋友？,哎呀，这个问题嘛，我还在专心工作学习呢，感情的事情随缘吧，哈哈。您家的小孩子最近怎么样？学习生活都挺好吧？转移话题也是一种不错的策略。
214,有没有找女朋友？,哦，这个问题啊，我还在专心工作/学习，感情方面随缘吧，哈哈。您知道，现在年轻人都比较注重个人发展，这方面我不太着急。您呢，最近身体怎么样？家里人都挺好的吧？转移话题也是一种不错的策略。
215,有没有找女朋友？,哦，这个问题啊，我还在专心工作/学习，感情方面随缘吧，哈哈。您家的小家伙最近怎么样？听说成绩很好呢！转移话题也是一种很好的策略。
216,有没有找女朋友？,哦，这个问题啊，我还在专心工作/学习，感情的事随缘吧，哈哈。您家的小孩子最近怎么样？学习生活都挺好的吧？转移话题也是一种不错的策略。
217,有没有找女朋友？,哦，这个问题啊，我还在专心工作/学习，感情方面随缘吧，哈哈。您家的小家伙最近怎么样？学习进步了吗？转移话题也是一种很好的回避隐私问题的方式。
218,有没有找女朋友？,哦，这个问题啊，我还在忙事业，先把个人的事情放一放。等工作稳定了再考虑这些吧。哈哈，您知道现在的年轻人，压力也不小呢。
219,有没有找女朋友？,哦，这个问题啊，我还在专心工作/学习，感情方面随缘吧，哈哈。你们最近怎么样？有没有什么新鲜事儿分享一下？这样可以巧妙地转移话题。
220,有没有找女朋友？,嗯，我最近主要精力都放在工作和个人发展上，还没顾得上这件事情呢。嘿嘿，不过也谢谢您关心！
221,有没有找女朋友？,嗯，我最近比较忙于工作/学习，还没顾得上这方面呢。呵呵，慢慢来吧。
222,有没有找女朋友？,哦，这个问题啊，我还在忙事业，先不考虑这些个人问题，哈哈。等工作稳定一些再说吧。您家的小孩子最近怎么样？学习进步了吗？转移话题也是一个好方法。
223,有没有找女朋友？,哦，这个问题啊，我还在忙事业，还没顾得上呢。嘿嘿，等工作稳定一些再说吧。您家孩子呢，最近怎么样？分散一下注意力。
224,有没有找女朋友？,哦，这个问题啊，我还在专心工作/学习，感情方面的事情随缘吧，哈哈。您家的小孩子最近怎么样呢？学习生活都挺好吧？转移话题也是一种不错的策略。
225,有没有找女朋友？,哦，这个问题啊，我还在专心工作/学习，感情方面的事情随缘吧，哈哈。您家的小孩子最近怎么样呢？学习或者工作都挺顺利的吧？转移话题也是一个不错的方法。
226,有没有找女朋友？,哦，这个问题呀，我还在专心工作/学习，感情方面随缘吧，哈哈。您家的小孩子最近怎么样？学习生活都挺好吧？转移话题也是一个好办法。
227,有没有找女朋友？,哦，这个问题啊，我还在专心工作/学习，恋爱的事情随缘吧，哈哈。对了，您家的小孩子最近怎么样？学习生活都还好吗？转移话题也是一种不错的策略。
228,有没有找女朋友？,哦，这个问题啊，我还在专心工作/学习，感情方面随缘吧，哈哈。对了，您家的小家伙最近怎么样？听说学习成绩很不错呢！
229,有没有找女朋友？,哦，这个问题啊，我还在专心工作/学习，感情方面的事情随缘吧，呵呵。
230,有没有找女朋友？,哦，这个问题啊，我还在专心工作/学习，感情方面的事情随缘吧，哈哈。您家的小孩子最近怎么样？学习生活都挺好吧？转移话题也是一个好办法。
231,有没有找女朋友？,哦，这个问题啊，我还在专心工作/学习，感情方面的事情随缘吧，呵呵。您家的小孩子最近怎么样呢？学习生活都挺好吧？转移话题也是一种不错的方式。
232,有没有找女朋友？,哦，这个问题啊，我还在忙工作/学习，还没顾得上这个呢。呵呵，先专心事业吧。
233,有没有找女朋友？,哦，这个问题啊，我还在专心工作/学习，感情方面的事情随缘吧，呵呵。您家的小孩子们都挺可爱的，学习怎么样啊？转移话题也是一种不错的方式哦。
234,有没有找女朋友？,嗯，我最近比较忙，一直在专注工作学习，还没顾得上这方面呢。嘿嘿，不过也谢谢您关心啦！
235,有没有找女朋友？,嗯，我最近比较忙于工作/学习，还没顾得上这个问题呢。呵呵，先专注一下自己的事情。您家孩子呢，最近怎么样？
236,有没有找女朋友？,哎呀，这个问题嘛，我还在忙事业，先专注于提升自己，感情的事情随缘啦。嘿嘿，姨/叔您吃点水果。
237,有没有找女朋友？,哦，这个问题啊，我还在忙工作/学习，还没有太多时间去考虑这个问题呢。哈哈，不过我觉得缘分到了自然就会有了。您说是吧？
238,有没有找女朋友？,哦，这个问题呀，我还在忙工作/学习，还没有太多时间去考虑个人问题呢。嘿嘿，不过也谢谢你们的关心！
239,有没有找女朋友？,嗯，我最近工作学习都比较忙，还没顾得上这方面呢。嘿嘿，慢慢来吧。
240,有没有找女朋友？,哦，这个问题啊，我还在忙事业，先专注于个人发展，感情方面随缘吧。哈哈，您知道现在的社会竞争挺激烈的，得先立业再成家嘛！您说对吧？
241,有没有找女朋友？,哦，这个问题啊，我还在专心工作学习，恋爱的事情随缘吧，哈哈。您家的小孩子最近怎么样？学习进步了吗？转移话题也是一种不错的策略。
242,有没有找女朋友？,哦，这个问题呀，我还在专心工作/学习，感情的事随缘吧，哈哈。您家的小孩子最近怎么样？学习生活都挺好吧？转移话题也是一种不错的策略。
243,有没有找女朋友？,嗯，我最近比较忙于工作/学习，还没顾得上这件事情呢。不过我觉得这种事情还是顺其自然的好。您说呢？
244,有没有找女朋友？,哦，这个问题呀，我还在忙工作/学习，还没顾得上呢。我觉得缘分到了自然就会有的，不着急。您说呢？哈哈。
245,有没有找女朋友？,嗯，我最近比较忙，一直在专注工作学习，还没顾得上这个问题呢。哈哈，不过我觉得缘分到了自然就会有的。
246,有没有找女朋友？,哦，这个问题啊，我还在忙事业，先把个人的事情放一放，等工作稳定了再考虑也不迟。嘿嘿，您说是吧？
247,有没有找女朋友？,哎呀，这个问题嘛，我还在忙事业，先以工作为重，感情的事随缘啦。嘿嘿，您家的小家伙是不是又长高啦？学习怎么样？
248,有没有找女朋友？,哦，这个问题啊，我还在忙事业，感情方面随缘吧，哈哈。您知道，现在年轻人更注重个人发展和自我提升呢。您家孩子最近怎么样？学习或者工作都还顺利吗？转移话题也是一种好方法。
249,有没有找女朋友？,哎呀，这个问题嘛，我还在专心工作学习呢，感情的事随缘啦，慢慢来。嘿嘿，您家的小孩子们都挺可爱的，有没有什么趣事可以分享一下呀？
250,有没有找女朋友？,哦，这个问题啊，我还在忙事业，先以工作为重，感情的事情随缘吧。嘿嘿，您知道现在的年轻人，都比较注重个人发展。您说是吧？
251,有没有找女朋友？,哦，这个问题啊，我还在忙事业，感情方面随缘吧，哈哈。您家的小家伙是不是又长高了不少？听说学习成绩也很棒呢！
252,有没有找女朋友？,哦，这个问题呀，我还在专心工作/学习，感情方面的事情随缘吧，哈哈。您家的小孩子最近怎么样？学习进步了吗？转移话题也是一种不错的策略。
253,有没有找女朋友？,哦，这个问题啊，我还在专心工作学习，感情的事嘛，随缘啦，哈哈。您家的小孩子最近怎么样？学习进步了吗？转移话题也是一种好的策略。
254,有没有找女朋友？,哎呀，这个问题嘛，我还在忙事业，先稳定一下自己的工作，感情的事情就随缘啦。嘿嘿，您说是吧？
255,有没有找女朋友？,哦，这个问题呀，我还在专心工作/学习，感情方面的事情随缘啦，呵呵。您家的小家伙最近怎么样？学习进步了吗？转移话题也是一种很好的策略。
256,有没有找女朋友？,哦，这个问题啊，我还在忙事业，先以工作为重，感情的事情随缘吧。嘿嘿，您知道我现在也比较忙。
257,有没有找女朋友？,哦，这个问题啊，我还在专心工作/学习，感情方面的事情随缘吧，哈哈。您家的小孩子最近怎么样？学习生活都挺好吧？转移话题也是一种好方法。
258,有没有找女朋友？,哦，这个问题呀，我还在专心工作学习，感情方面的事情随缘吧，哈哈。您家的小家伙是不是又长高了不少？听说学习成绩也很不错呢！
259,有没有找女朋友？,哦，这个问题啊，我还在忙事业，先以工作为重，感情方面随缘吧。嘿嘿，您知道现在的社会竞争挺激烈的，得先立业才能更好地成家嘛。
260,有没有找女朋友？,哦，这个问题啊，我还在专心工作/学习，感情方面随缘吧，呵呵。您家的小孩子最近怎么样？学习生活都还顺利吗？转移话题也是一种很好的策略。
261,有没有找女朋友？,哦，这个问题啊，我还在忙工作/学习，还没顾得上这方面呢。嘿嘿，不过谢谢亲戚关心！
262,有没有找女朋友？,哦，这个问题啊，我还在忙事业，先专注于个人发展，感情方面随缘吧。嘿嘿，您知道现在的年轻人，都比较注重个人成长。您说对吧？
263,有没有找女朋友？,"哦，这个问题啊，我还在忙事业，重心都放在工作上，感情方面随缘吧。嘿嘿，您知道我现在这个阶段还是以学习和发展为主。""

这样的回答既没有直接否认或确认有没有找女朋友，也表达了当前阶段对事业的重视，同时也给亲戚一种开放的态度，避免了直接回答隐私问题。"
264,有没有找女朋友？,哦，这个问题啊，我还在专心工作/学习，感情方面的事情随缘吧，哈哈。您家的小孩子最近怎么样呢？学习生活都还好吧？转移话题也是一种很好的回避隐私问题的方式。
265,有没有找女朋友？,哦，这个问题啊，我还在忙工作/学习，还没顾得上这件事情呢。哈哈，不过我觉得缘分到了自然就会有了。您觉得呢？
266,有没有找女朋友？,哦，这个问题啊，我还在专心工作学习，感情方面的事情随缘吧，哈哈。您家的小家伙是不是又长高了不少？听说最近成绩很不错呢！
267,有没有找女朋友？,哦，这个问题呀，我还在专心工作/学习，感情方面的事情随缘吧，呵呵。您家的小孩子最近怎么样？学习或者工作都还顺利吗？转移话题也是一种不错的策略。
268,有没有找女朋友？,哦，这个问题啊，我还在专心工作/学习，感情方面的事情随缘吧，呵呵。您家的小孩子最近怎么样？学习生活都还好吧？转移话题也是一种很好的回避方式。
269,有没有找女朋友？,嗯，我最近比较忙，还没顾得上这件事呢，呵呵。等工作稳定一些再说吧。您家的小孩子最近怎么样？学习挺好的吧？
270,有没有找女朋友？,哦，这个问题啊，我还在专心工作学习，感情方面的事情随缘吧，哈哈。您家的小孩子最近怎么样呢？学习生活都还顺利吗？转移话题也是一种不错的方式。
271,有没有找女朋友？,哦，这个问题啊，我还在专心工作/学习，感情方面随缘吧，慢慢来。嘿嘿，您知道我现在还挺忙的。
272,有没有找女朋友？,哦，这个问题啊，我还在专心工作/学习，感情方面的事情随缘吧，哈哈。姨妈/叔叔您最近怎么样？
273,有没有找女朋友？,"哦，这个问题啊，我还在忙事业，先以工作为重，感情的事情随缘吧。嘿嘿，您知道我现在还挺忙的。 

或者：

嗯，这个问题嘛，我觉得现在还是多了解自己，提升自己比较重要。恋爱这种事情，不强求，遇到了合适的人自然就会告诉大家。您说对吧？"
274,有没有找女朋友？,哎呀，这个问题嘛，我还在专心工作学习，感情的事情先放一边，等缘分到了自然就会有了。嘿嘿，您不用担心，我自己的事情自己心里有数。
275,有没有找女朋友？,哦，这个问题啊，我还在专心工作学习，恋爱的事情随缘吧，哈哈。您家的小孩子最近怎么样？学习进步了吗？转移话题也是一种很好的回避方式。
276,有没有找女朋友？,哦，这个问题呀，我还在忙工作/学习，还没顾得上呢。嘿嘿，不过我觉得缘分到了自然就会有的。您说是吧？
277,有没有找女朋友？,哦，这个问题呀，我还在忙工作/学习，暂时还没顾得上这个问题呢。呵呵，你们知道我总是把事业/学业放在首位。对了，表哥/表姐的孩子最近怎么样了？听说挺优秀的呢！
278,有没有找女朋友？,哎呀，这个问题嘛，我还在专心工作学习呢，感情的事随缘吧，哈哈。您家的小孩子最近怎么样？学习生活都挺好吧？转移话题也是一种不错的选择。
279,有没有找女朋友？,哦，这个问题啊，我还在忙事业，先把自己的工作稳定下来再说吧。哈哈，不急不急。
280,有没有找女朋友？,哦，这个问题呀，我还在专心工作学习，恋爱的事情随缘吧，哈哈。您家的小孩子最近怎么样？学习生活都挺好吧？转移话题也是一种不错的策略。
281,有没有找女朋友？,哎呀，这个问题嘛，我还在忙事业，先不考虑这些个人问题，等工作稳定了再说吧。嘿嘿，您多吃点水果。
282,有没有找女朋友？,哦，这个问题啊，我还在专心工作/学习，感情方面的事情随缘吧，哈哈。您家的小孩子最近怎么样？学习进步了吗？转移话题也是一种很好的回避隐私问题的方式。
283,有没有找女朋友？,哎呀，这个问题嘛，我还在专心工作学习，感情的事不急，随缘吧。嘿嘿，您说是吧？咱们还是聊聊其他的，比如最近有什么好玩的事情？
284,有没有找女朋友？,嗯，我最近比较忙于工作（学习），还没顾得上这个问题呢。呵呵，慢慢来吧。
285,有没有找女朋友？,哦，这个问题呀，我还在忙工作/学习，还没顾得上呢。呵呵，感情这种事情还是随缘吧。您说对吧？姨妈/叔叔/阿姨。
286,有没有找女朋友？,哦，这个问题啊，我还在专心工作/学习，感情方面的事情随缘吧，哈哈。您家的小孩子最近怎么样呢？学习或者工作都挺顺利的吧？转移话题也是一种很好的回避隐私问题的方式。
287,有没有找女朋友？,哦，这个问题啊，我还在专心工作/学习，感情方面随缘吧，哈哈。您家的小孩子最近怎么样？学习生活都挺好吧？转移话题也是一种很好的方式。
288,有没有找女朋友？,哦，这个问题啊，我还在忙事业，重心都放在工作上，感情的事情随缘吧。嘿嘿，您知道现在的年轻人，都比较注重个人发展。咱们先不聊这个，您最近怎么样？有没有什么新鲜事儿分享一下？
289,有没有找女朋友？,哦，这个问题啊，我还在忙工作/学习，还没有太多时间去考虑这个问题呢。呵呵，先专心事业吧。
290,有没有找女朋友？,哦，这个问题啊，我还在忙事业，暂时还没顾得上呢。嘿嘿，等工作稳定一点再说吧。
291,有没有找女朋友？,嗯，我最近工作学习都比较忙，还没顾得上这方面呢。呵呵，先忙事业吧。
292,有没有找女朋友？,哦，这个问题啊，我还在专心工作学习，感情方面的事情随缘吧，哈哈。您家的小孩子最近怎么样？学习生活都挺好吧？转移话题也是一种不错的策略。
293,有没有找女朋友？,哦，这个问题啊，我还在专心工作/学习，感情方面随缘吧，哈哈。您家的小孩子最近怎么样？学习进步了吗？转移话题也是一种很好的回避方式。
294,有没有找女朋友？,哦，这个问题啊，我还在专心工作/学习，感情方面的事情随缘吧，哈哈。对了，您家的小孩子最近怎么样？学习进步了吗？转移话题也是一种不错的策略。
295,有没有找女朋友？,嗯，我最近比较忙于工作/学习，还没顾得上这方面呢。哈哈，感情这种事情，随缘吧。
296,有没有找女朋友？,哦，这个问题啊，我还在忙事业，先把自己的事情做好，感情的事就顺其自然吧。嘿嘿，您说是吧？舅妈/阿姨/叔叔…（根据亲戚的称呼来）
297,有没有找女朋友？,哦，这个问题啊，我还在忙事业，还没顾得上呢。哈哈，先等工作稳定了再说吧。
298,有没有找女朋友？,哦，这个问题啊，我还在专心工作学习，感情方面的事情随缘吧，呵呵。您家的小家伙是不是又长高了不少？听说最近学习挺努力的，真不错！
299,有没有找女朋友？,嗯，我最近主要把精力放在工作和个人发展上，感情方面还在随缘观察中。嘿嘿，您知道现在的社会竞争挺激烈的，想先稳定自己的事业基础。您觉得呢？
500,有没有找男朋友？,哦，这个问题嘛，我还在专心工作/学习，恋爱的事情随缘啦，哈哈。您家的小孩子最近怎么样呀？学习进步了吗？转移话题也是一种不错的策略。
501,有没有找男朋友？,哦，这个问题啊，我还在忙工作/学习，还没来得及考虑这个问题呢。我觉得先把自己照顾好，其他的事情顺其自然吧。嘿嘿，您觉得呢？
502,有没有找男朋友？,哦，这个问题啊，我最近比较忙，还没顾得上呢。我先专心工作，感情的事随缘吧。哈哈，您家的小孩子是不是又长高了不少？
503,有没有找男朋友？,哦，这个问题啊，我还在专心工作/学习，感情方面的事情随缘啦，呵呵。您最近怎么样？有没有什么新鲜事儿分享一下？转移话题也是一种很好的策略哦。
504,有没有找男朋友？,哦，这个问题呀，我还在忙工作/学习，还没顾得上呢。我觉得缘分到了自然就会有了，现在先专注于提升自己吧。您说是不是？
505,有没有找男朋友？,哦，这个问题啊，我还在专心工作/学习，感情方面的事情随缘吧，哈哈。您家的小孩子最近怎么样？学习进步了吗？转移话题也是一种很好的回避方式。
506,有没有找男朋友？,哦，这个问题啊，我还在忙工作/学习，暂时还没顾得上这方面呢。哈哈，不过也谢谢您关心啦！
507,有没有找男朋友？,哦，这个问题嘛，我还在专心工作/学习，感情方面随缘啦，有消息的话肯定会告诉大家。咱们先不聊这个，您最近怎么样？有没有什么新鲜事儿分享一下？
508,有没有找男朋友？,嗯，我最近比较忙，一直在专注于工作学习，还没顾得上这个问题呢。嘿嘿，不过也谢谢您关心啦！
509,有没有找男朋友？,哦，这个问题嘛，我还在专心工作/学习，感情的事情随缘吧，哈哈。您家的小孩子最近怎么样？学习进步了吗？转移话题也是一种很好的应对方式。
510,有没有找男朋友？,哦，我最近比较忙，还没顾得上这件事情呢。嘿嘿，我们先不聊这个，你们最近怎么样？有没有什么新鲜事儿分享一下？
511,有没有找男朋友？,哦，这个问题呀，我还在专心工作/学习，感情方面随缘吧，有消息我会告诉大家的。咱们先不聊这个，您最近怎么样？有没有什么新鲜事儿和我分享分享？
512,有没有找男朋友？,哦，这个问题啊，我最近比较忙，还没顾得上呢。我更想先专注于工作/学习，感情的事情随缘吧。嘿嘿，您觉得呢？
513,有没有找男朋友？,哦，这个问题啊，我还在专心工作/学习，感情方面随缘吧，慢慢来。嘿嘿，您知道我现在最关心的还是家人的健康和幸福呢！您最近怎么样？
514,有没有找男朋友？,哦，这个问题啊，我最近比较忙，还没顾得上呢。我先专心工作，感情的事情随缘吧。嘿嘿，您呢，最近身体怎么样？
515,有没有找男朋友？,哦，这个问题啊，我最近比较忙，还没顾得上呢。嘿嘿，不过我觉得缘分到了自然就会有了。您说是吧？
516,有没有找男朋友？,哦，这个问题嘛，我还在专心工作/学习，恋爱的事情随缘啦，哈哈。你们知道我现在挺忙的，等遇到合适的人一定会告诉大家的。
517,有没有找男朋友？,哦，这个问题啊，我还在忙事业，先不考虑这些个人问题，哈哈。你们最近怎么样？有没有什么新鲜事儿分享一下？转移话题也是一个好方法。
518,有没有找男朋友？,哦，这个问题啊，我还在专心工作/学习，感情方面随缘吧，哈哈。您家的小孩子最近怎么样呢？学习进步了吗？转移话题也是一种很好的方式哦。
519,有没有找男朋友？,哦，这个问题啊，我最近比较忙，还没顾得上呢。呵呵，先忙工作（学习）吧，这种事情随缘啦。您说对吧？
520,有没有找男朋友？,哦，这个问题呀，我还在专心工作/学习，感情方面随缘吧，慢慢来。嘿嘿，您是不是有什么好的介绍呀？转移话题也是一种好方法。
521,有没有找男朋友？,嗯，我最近比较忙，一直在专注于工作学习，还没顾得上这方面呢。呵呵，不过也谢谢您关心啦！
522,有没有找男朋友？,哦，这个问题啊，我还在忙工作/学习，还没顾得上这方面呢。呵呵，咱们不聊这个，您最近怎么样？有没有什么新鲜事儿和我分享分享？
523,有没有找男朋友？,哦，这个问题呀，我还在专心工作/学习，恋爱的事情随缘吧，哈哈。您家孩子最近怎么样？一定很优秀吧！转移话题也是一种很好的应对方式。
524,有没有找男朋友？,哦，这个问题啊，我还在专心工作/学习，恋爱这种事情随缘啦，哈哈。您最近怎么样？有没有什么新鲜事儿分享一下？这样可以巧妙地转移话题。
525,有没有找男朋友？,哦，这个问题啊，我还在专心工作/学习，感情方面的事情随缘吧，哈哈。您家的小孩子最近怎么样？学习进步了吗？转移话题也是一种很好的方式哦。
526,有没有找男朋友？,哦，这个问题呀，我还在忙工作/学习，暂时还没顾得上呢。呵呵，对了，您家孩子最近怎么样？工作了还是还在读书呢？转移话题也是一种不错的策略。
527,有没有找男朋友？,哦，我最近比较忙，还没顾得上这方面的事情呢。咱们还是聊聊其他的吧，比如最近有什么好看的电影或者电视剧？
528,有没有找男朋友？,哦，我最近比较忙，一直在专注工作学习，还没顾得上这方面呢。嘿嘿，不过也谢谢您关心！
529,有没有找男朋友？,哦，我最近比较忙，还没顾得上这个问题呢。咱们还是聊聊其他的吧，比如最近有什么好玩的事情？
530,有没有找男朋友？,哦，这个问题啊，我还在专心工作/学习，感情方面的事情随缘吧，哈哈。对了，您家的小孩子最近怎么样？学习进步了吗？转移话题也是一种不错的方式哦。
531,有没有找男朋友？,哦，我最近比较忙，还没顾得上这方面呢。咱们还是聊点别的吧，比如最近有什么好玩的事情？
532,有没有找男朋友？,哦，这个问题啊，我还在专心工作/学习，感情方面的事情随缘吧，呵呵。您家的小孩子最近怎么样？学习生活都挺好的吧？转移话题也是一种很好的应对方式。
533,有没有找男朋友？,哦，我最近都比较忙，还没顾得上这件事呢。嘿嘿，不过我觉得缘分到了自然就会遇到了。您觉得呢？
534,有没有找男朋友？,哦，我最近比较忙，还没顾得上这方面呢。对了，您家孩子最近怎么样？工作或者学习都还顺利吗？转移话题也是一种很好的应对策略。
535,有没有找男朋友？,哦，这个问题啊，我还在专心工作/学习，感情方面的事情随缘吧，哈哈。您家的小孩子最近怎么样？学习进步了吗？转移话题也是一种很好的应对策略。
536,有没有找男朋友？,哦，这个问题呀，我还在专心工作/学习，恋爱的事情随缘吧，哈哈。您家的小孩子们都挺可爱的，有没有什么趣事可以分享呢？转移话题也是一种好方法。
537,有没有找男朋友？,哦，这个问题啊，我还在专心工作/学习，感情的事随缘吧，哈哈。您家的小孩子们都挺可爱的，学习怎么样呀？转移话题也是一种很好的策略。
538,有没有找男朋友？,哦，我最近比较忙，还没顾得上这方面的事情呢。呵呵，你们最近怎么样？有没有什么新鲜事儿分享一下？这样可以巧妙地转移话题。
539,有没有找男朋友？,哦，这个问题啊，我还在专心工作/学习，感情方面的事情随缘吧，哈哈。对了，您家的小孩子最近怎么样？学习生活都挺好吧？转移话题也是一个好办法。
540,有没有找男朋友？,哦，这个问题啊，我还在忙工作/学习，还没顾得上这个呢。嘿嘿，咱们不聊这个，聊聊其他的吧，比如最近有什么好玩的事情？
541,有没有找男朋友？,哦，这个问题啊，我还在专心工作/学习，感情方面的事情随缘吧，呵呵。您家的小孩子最近怎么样？学习生活都挺好吧？转移话题也是一种不错的策略。
542,有没有找男朋友？,哦，这个问题嘛，我还在专心工作/学习，感情方面的事情随缘啦，哈哈。您家的小孩子最近怎么样？学习进步了吗？转移话题也是一种很好的回避隐私问题的方式。
543,有没有找男朋友？,哦，这个问题啊，我还在忙事业，感情方面随缘吧，哈哈。您家孩子最近怎么样？学习或者工作都顺利吗？转移话题也是一种很好的回避方式。
544,有没有找男朋友？,哦，这个问题啊，我还在忙事业，等工作稳定一些再考虑个人问题吧。嘿嘿，您知道现在的就业压力也挺大的。叔叔阿姨您们最近怎么样？
545,有没有找男朋友？,哦，这个问题呀，我还在专心工作/学习，感情方面的事情随缘啦，哈哈。您家的小孩子最近怎么样？学习进步了吗？转移话题也是一种很好的回避隐私问题的方法。
546,有没有找男朋友？,哦，这个问题呀，我还在专心工作/学习，感情方面随缘吧，呵呵。您最近怎么样？有没有什么新鲜事儿和我分享分享？这样可以巧妙地转移话题。
547,有没有找男朋友？,哦，这个问题啊，我最近比较忙，还没顾得上呢。等工作稳定一些，肯定会考虑的。您不用担心！您最近怎么样？有没有什么新鲜事儿分享一下？这样可以巧妙地转移话题。
548,有没有找男朋友？,哦，这个问题啊，我还在忙工作/学习，还没顾得上这方面呢。呵呵，不过我觉得缘分到了自然就会有了。您说是吧？
549,有没有找男朋友？,哦，这个问题啊，我最近比较忙，一直在专注于工作（学习），还没来得及考虑这个问题呢。嘿嘿，咱们先不聊这个，您最近怎么样？有没有什么新鲜事儿和我分享分享？
550,有没有找男朋友？,哦，这个问题啊，我还在专心工作/学习，感情方面的事情随缘吧，呵呵。您家的小孩子最近怎么样呢？学习进步了吗？转移话题也是一种不错的方式。
551,有没有找男朋友？,哦，这个问题呀，我还在忙事业，等工作稳定一些再考虑个人问题吧。哈哈，您家的小家伙肯定很可爱吧，今年上几年级了？转移话题也是一种不错的策略哦。
552,有没有找男朋友？,哦，这个问题啊，我最近比较忙，还没顾得上这方面呢。咱们先不聊这个，您最近怎么样？有没有什么新鲜事儿和我分享分享？
553,有没有找男朋友？,哦，这个问题呀，我最近比较忙，还没顾得上呢。哈哈，先忙工作（学习）吧，这种事情随缘啦。您说对吧？
554,有没有找男朋友？,哦，这个问题啊，我还在忙事业，重心都放在工作上，感情的事就随缘啦。嘿嘿，您知道现在的年轻人，都比较注重个人发展嘛。
555,有没有找男朋友？,哦，这个问题呀，我还在专心工作/学习，感情方面的事情随缘吧，呵呵。您最近怎么样？有没有什么新鲜事儿分享一下？这样可以巧妙地转移话题。
556,有没有找男朋友？,哦，这个问题啊，我还在忙事业，暂时还没有考虑这个问题呢。嘿嘿，不过我觉得缘分到了自然就会有了。您说是吧？
557,有没有找男朋友？,哦，这个问题啊，我最近比较忙，还没顾得上呢。咱们先不聊这个，您最近怎么样？有没有什么新鲜事儿和我分享分享？
558,有没有找男朋友？,哦，这个问题嘛，我还在专心工作/学习，感情方面随缘啦，呵呵。您家的小孩子最近怎么样呀？学习进步了吗？转移话题也是一种不错的策略哦。
559,有没有找男朋友？,哦，这个问题呀，我还在专心工作/学习，感情方面的事情随缘吧，哈哈。您家的小孩子最近怎么样？学习生活都还好吧？转移话题也是一种不错的策略。
560,有没有找男朋友？,哦，我最近比较忙，还没顾得上这个问题呢。咱们还是聊点别的吧，比如最近有什么好玩的事情？
561,有没有找男朋友？,哦，这个问题呀，我还在专心工作/学习，恋爱的事情随缘吧，哈哈。您家的小家伙最近怎么样？学习进步了吗？转移话题也是一种很好的回避隐私问题的方式。
562,有没有找男朋友？,哦，这个问题啊，我还在忙工作/学习，还没有太多时间考虑这个问题呢。呵呵，不过谢谢关心！
563,有没有找男朋友？,嗯，我最近比较忙，一直在专注工作学习，还没顾得上这件事呢。哈哈，不过我觉得缘分到了自然就会有的。您说是吧？
564,有没有找男朋友？,哦，这个问题啊，我还在专心工作/学习，感情方面的事情随缘吧，呵呵。您家的小孩子最近怎么样？学习进步了吗？转移话题也是一种很好的应对方式。
565,有没有找男朋友？,哦，我最近比较忙，一直在忙工作（学习），还没顾得上这个呢。呵呵，慢慢来吧。
566,有没有找男朋友？,哦，这个问题嘛，我最近比较忙，还没顾得上呢。我现在更专注于工作/学习，感情的事随缘吧。哈哈，咱们不聊这个了，您最近怎么样？
567,有没有找男朋友？,嗯，我最近比较忙，一直在专注工作学习，还没顾得上这方面呢。嘿嘿，不过也谢谢您关心啦！
568,有没有找男朋友？,哦，我最近都比较忙，还没顾得上这件事情呢。嘿嘿，先忙工作（学习）为主吧！您家孩子呢，最近怎么样？转移话题也是一种好方法。
569,有没有找男朋友？,哦，这个问题呀，我还在专心工作/学习，感情方面随缘吧，呵呵。您家的小孩子最近怎么样？学习进步了吗？转移话题也是一种很好的方式。
570,有没有找男朋友？,哦，我最近都比较忙，还没顾得上这个问题呢。嘿嘿，不过我觉得缘分到了自然就会有了。您不用担心，我会好好注意这方面的。您最近怎么样？有没有什么新鲜事儿和我分享分享？这样可以巧妙地转移话题。
571,有没有找男朋友？,哦，这个问题啊，我最近比较忙，还没顾得上呢。我先专心工作，等缘分到了自然就会有了。您不用担心，我会好好注意的。您最近怎么样？有没有什么新鲜事儿分享一下？这样可以巧妙地转移话题。
572,有没有找男朋友？,哦，这个问题啊，我最近都比较忙，还没顾得上呢。咱们还是聊聊其他的吧，比如说最近的电视剧或者电影，您有推荐的吗？
573,有没有找男朋友？,哦，这个问题啊，我还在专心工作/学习，恋爱的事情随缘吧，哈哈。您家的小家伙是不是又长高了不少呢？聊点别的吧！
574,有没有找男朋友？,哦，我最近比较忙，还没顾得上这件事呢。我现在更专注于工作/学习，想先稳定下来再说。嘿嘿，不过也谢谢您的关心啦！
575,有没有找男朋友？,哦，这个问题呀，我还在专心工作/学习，恋爱这种事情随缘吧，哈哈。您家的小孩子最近怎么样？学习进步了吗？转移话题也是一种很好的策略哦。
576,有没有找男朋友？,哦，我最近比较忙，还没顾得上这方面的事情呢。对了，您家孩子最近怎么样？学习或者工作都还顺利吗？转移话题也是一种不错的策略。
577,有没有找男朋友？,哦，这个问题呀，我还在忙工作/学习，还没顾得上这个呢。咱们先不聊这个，您最近怎么样？有没有什么新鲜事儿和我分享分享？
578,有没有找男朋友？,哦，这个问题啊，我还在忙工作/学习，还没有太多时间去考虑这些事情呢。呵呵，咱们还是聊聊其他的吧，比如最近有什么好玩的事情？
579,有没有找男朋友？,嗯，我最近比较忙，还没顾得上这个问题呢。工作学习都比较充实，哈哈。您家孩子呢，最近怎么样？
580,有没有找男朋友？,哦，这个问题啊，我最近比较忙，还没顾得上呢。我更想先专注于工作学习，看看以后缘分怎么安排吧。哈哈，您觉得呢？
581,有没有找男朋友？,哦，这个问题啊，我还在专心工作/学习，感情方面随缘吧，有合适的当然好，但目前还没遇到合适的呢。咱们还是聊聊其他的，比如最近有什么好看的电影或者电视剧吗？
582,有没有找男朋友？,哦，我最近比较忙，一直在专注工作学习，还没顾得上这件事情呢。嘿嘿，不过我觉得缘分到了自然就会有的。您说是吧？
583,有没有找男朋友？,哦，这个问题啊，我还在忙工作/学习，还没顾得上这方面呢。哈哈，不过我觉得缘分到了自然就会有了。您觉得呢？
584,有没有找男朋友？,哦，这个问题呀，我还在专心工作/学习，恋爱的事情随缘吧，呵呵。您家的小孩子最近怎么样呢？学习或者工作都挺顺利的吧？转移话题也是一个好方法。
585,有没有找男朋友？,哦，这个问题啊，我还在忙事业，感情方面随缘吧，哈哈。您知道，现在年轻人都讲究顺其自然。您家孩子最近怎么样呢？学习或者工作都还顺利吗？
586,有没有找男朋友？,哦，这个问题啊，我还在专心工作/学习，感情方面随缘吧，哈哈。您家的小孩子最近怎么样呢？学习或者工作都顺利吗？转移话题也是一种不错的策略。
587,有没有找男朋友？,哦，这个问题呀，我还在忙工作/学习，暂时还没顾得上这方面呢。嘿嘿，咱们还是聊聊其他的吧，比如最近的电视剧/电影/书，您有推荐的吗？
588,有没有找男朋友？,哦，这个问题啊，我最近比较忙，还没顾得上这方面呢。咱们还是聊聊其他的吧，比如最近有什么好看的电影或者电视剧？
589,有没有找男朋友？,哦，这个问题啊，我还在专心工作/学习，恋爱的事情随缘啦，哈哈。您家的小孩子们都挺可爱的，有没有什么趣事可以分享给我听呢？
590,有没有找男朋友？,哦，我最近比较忙，一直在专注于工作（学习），还没顾得上这方面呢。嘿嘿，不过也谢谢您的关心！
591,有没有找男朋友？,哦，这个问题嘛，我还在专心工作/学习，感情的事情随缘啦，慢慢来。嘿嘿，您不用担心，到时候会有好消息告诉大家的。
592,有没有找男朋友？,哦，我最近比较忙，还没顾得上这件事情呢。嘿嘿，不过我觉得缘分到了自然就会有了。您不用担心我，我过得挺好的。您最近怎么样？有没有什么新鲜事儿分享一下？
593,有没有找男朋友？,嗯，我最近比较忙，还没顾得上这个问题呢，哈哈。主要还是想先专心工作学习。您家的小孩子最近怎么样啊？学习生活都还顺利吗？
594,有没有找男朋友？,嗯，我最近比较忙，一直在专注于工作学习，还没顾得上这个问题呢。呵呵，您知道现在的年轻人，事业为重嘛！您家的小孩子是不是也很忙呀？
595,有没有找男朋友？,哦，这个问题啊，我还在忙工作/学习，还没来得及好好考虑这个问题呢。哈哈，不过我觉得缘分到了自然就会有了。您说是吧？
596,有没有找男朋友？,哦，这个问题呀，我最近工作学习挺忙的，还没顾得上这方面呢。咱们先不聊这个，您最近怎么样？有没有什么新鲜事儿和我分享分享？
597,有没有找男朋友？,哦，这个问题啊，我还在专心工作/学习，感情方面随缘吧，呵呵。您家的小孩子最近怎么样呢？学习进步了吗？转移话题也是一种很好的策略。
598,有没有找男朋友？,哦，这个问题呀，我还在专心工作/学习，感情的事随缘吧，哈哈。您家孩子最近怎么样？学习/工作都顺利吗？转移话题也是一种好的应对策略。
599,有没有找男朋友？,哦，这个问题啊，我还在专心工作/学习，恋爱的事情随缘吧，哈哈。您家的小孩子们都挺可爱的，有没有什么趣事可以分享呢？转移话题也是一种不错的方法。
